<?xml version="1.0" encoding="UTF-8"?>
<!DOCTYPE mapper
PUBLIC "-//mybatis.org//DTD Mapper 3.0//EN"
"http://mybatis.org/dtd/mybatis-3-mapper.dtd">

<mapper namespace="com.mokcoding.ex03.persistence.ReplyMapper">
   
   <resultMap type="com.mokcoding.ex03.domain.ReplyVO" id="replyResultMap">
      <id property="replyId" column="REPLY_ID" /> 
      <result property="boardId" column="BOARD_ID" /> 
      <result property="memberId" column="MEMBER_ID" />
      <result property="replyContent" column="REPLY_CONTENT" />
      <result property="replyDateCreated" column="REPLY_DATE_CREATED" />
   </resultMap>
   
   <insert id="insert">
      INSERT INTO REPLY (REPLY_ID, BOARD_ID, MEMBER_ID, REPLY_CONTENT)
      VALUES (REPLY_SEQ.NEXTVAL, #{boardId}, #{memberId}, #{replyContent})
   </insert>
   
   <select id="selectListByBoardId" resultMap="replyResultMap">
      SELECT * FROM REPLY
      WHERE BOARD_ID = #{boardId}
      ORDER BY REPLY_ID
   </select>
   
   <update id="update">
      UPDATE REPLY
      SET REPLY_CONTENT = #{replyContent}
      WHERE REPLY_ID = #{replyId}
   </update>
   
   <delete id="delete">
      DELETE FROM REPLY
      WHERE REPLY_ID = #{replyId}
   </delete>
   
    
</mapper>